iter	Logloss
0	0.4327008052
1	0.418024607
