iter	Logloss
0	0.4371981652
1	0.4195604416
