iter	Logloss
0	0.3985801075
1	0.3696495516
