iter	Logloss
0	0.4003149301
1	0.3718762358
