iter	Logloss
0	0.5871335013
1	0.5606748134
