iter	Logloss
0	0.5417740892
1	0.5213310171
