iter	Logloss
0	0.6595127171
1	0.6315960432
