iter	Logloss
0	0.4369158772
1	0.4202419911
