iter	Logloss
0	0.4409085216
1	0.4248690777
