iter	Logloss
0	0.6595127171
1	0.6315960432
2	0.6131658052
3	0.6012440481
4	0.5952051972
5	0.5856749738
6	0.5786960367
7	0.5732880583
8	0.5699108489
9	0.5668993513
