iter	Logloss
0	0.4529116625
1	0.4157987852
2	0.4069865678
3	0.397514137
4	0.3951878741
5	0.3906047865
6	0.3890933503
7	0.3829250085
8	0.3813008145
9	0.3743471037
