iter	Logloss
0	0.6595131089
1	0.6315962749
2	0.6131657342
3	0.6012441418
4	0.5952051822
5	0.5856749361
6	0.5796827432
7	0.5753321493
8	0.5699327089
9	0.5662652315
