iter	Logloss
0	0.6550222706
1	0.6324850661
