iter	Logloss
<<<<<<< HEAD
0	0.6595127171
1	0.6315960432
2	0.6131658052
3	0.6012440481
4	0.5952051972
5	0.5856749738
6	0.5786960367
7	0.5732880583
8	0.5699108489
9	0.5668993513
=======
0	0.6595131089
1	0.6315962749
2	0.6131657342
3	0.6012441418
4	0.5952051822
5	0.5856749361
6	0.5796827432
7	0.5753321493
8	0.5699327089
9	0.5662652315
>>>>>>> f261e73b4a19b1bee775b7c56823e9f8ca951a7d
